Time,Stage
0,4
40.0100000000002,5
70.0100000000002,3
100.01,2
1330.01,1
1390.01,2
1450.01,1
1480.01,2
1510.01,1
1540.01,2
1570.01,1
1660.01,2
1690.01,1
1750.01,2
1780.01,1
1870.01,2
1900.01,1
2650.01,3
2710.01,5
2740.01,3
2770.01,2
2830.01,3
2860.01,2
3370.01,3
3400.01,2
3490.01,3
3520.01,2
4270.01,4
5026,4
